url|raw_target|time
https://roaring-malabi-5ac5e1.netlify.app/|Crypto/Wallet|09:46:41
https://enuaw-8839.vculoleru.workers.dev/|Office365|09:44:36
https://instyuieoeuccnmjhbgvcfdfgvhbvgcfdxcfgvgcfdxcfgvbhjnkmjnbhv.pages.dev/|Generic/Spear Phishing|09:43:29
https://complaintssupportrepairpages.github.io/|Facebook, Inc.|09:42:26
http://sarcaxticlarka.github.io/Netflix|Netflix Inc.|09:41:53
https://telegram.dfyws.workers.dev/|Telegram|09:39:22
https://auth-llbc.elementfx.com/|LeBoncoin|09:38:51
https://c0nt4ct-me.pages.dev/|WhatsApp|09:38:25
https://3659zzz.com/|Bet365|09:38:12
https://voice-chat-e42b.gzklq0kj.workers.dev/|InterActiveCorp|09:37:07
https://datum3.pages.dev/|Webmail Providers|09:35:56
https://bb16eb5678f4dce4ae865c7c8ee8f.pages.dev/|Microsoft OneDrive|09:35:45
https://x60922.top/|Taishin Financial|09:35:39
https://fosterseed.dogfriendlytahoe.com/|Outlook|09:35:38
http://netzero-webmail-106878.weeblysite.com/|NetZero|09:35:35
http://webmail-106709.weeblysite.com/|BT Group plc|09:35:26
https://coinbaselogiin.blogspot.com/|Coinbase|09:34:37
https://uspsworldwidefreightlogistics.com/|United States Postal Service|09:33:48
http://juno-101193.weeblysite.com/|Juno Online Services|09:30:29
http://fernandatozzi.github.io/Clone-Instagram|Instagram|09:28:00
https://samkrgpistonandrings.umit-planmakina183.workers.dev/|Adobe Inc.|09:27:52
http://currently78att.weebly.com/|AT&T|09:26:40
https://discord.jishuai.workers.dev/|Discord|09:24:52
http://sky-103307.weeblysite.com/|Sky UK Limited|09:23:40
https://chemical-abundant-shape.glitch.me/|Government of Turkey|09:19:57
https://anz.brandkit.io/|Australia and New Zealand Banking Group|09:17:27
https://att-105998.weeblysite.com/|AT&T Inc.|09:16:40
https://news-1pb.pages.dev/|Rackspace|09:13:59
https://eastlink-107623.weeblysite.com/|Eastlink|09:13:49
https://installment-payu-ios.maklifedairy.in/|PayU|09:09:20
https://jhgfdewqazxcvb65432123456789ijmko0987654eszxcfxzaqwsdcxzxc.pages.dev/|Generic/Spear Phishing|09:48:24
http://111b93a.netsolhost.com/|DGI (French Tax Authority)|09:47:30
https://coinbase-com-48090.rdgcn696.workers.dev/|Coinbase|09:47:23
https://sueamcoommunnlty.com/join/get|Steam|09:47:20
https://bafybeibebbpp5dgecx7zxh2nbs2pkske3kguobdzt6x3su6gvt4mtny67u.ipfs.dweb.link/|Webmail Providers|09:47:19
https://suite-ttrezor-org.webflow.io/|Crypto/Wallet|09:56:26
https://bafybeigyirl7scdci5xlsmdyvvhelz3gkt57pnso7vyzvfrtjmeov325f4.ipfs.w3s.link/|Webmail Providers|09:55:57
https://chinese-telegram.org/|Telegram|09:54:22
http://khushh1711.github.io/netflix|Netflix Inc.|10:01:34
http://mobilecheking.com/|Etisalat|10:01:04
http://today-currently-3-20-2024.weeblysite.com/|AT&T|10:00:54
https://pub-935a93dcbf65479db732c658530e3684.r2.dev/index01.html|Office365|10:00:16
http://ceskapostac-cz.xyz/|Telegram|09:59:41
http://nodeswiftrrrr.pages.dev/|Crypto/Wallet|09:59:32
https://secure-us.blogspot.com.cy/|Facebook, Inc.|09:59:25
https://837icy-389jh98.pages.dev/|Adobe Inc.|09:57:59
http://pay.pubgm.zingvng.vn.imgkstvs.nethost-4011.000web.xyz/|Tencent|10:06:57
https://reactivate-device-au.firebaseapp.com/|Apple Inc.|10:06:38
https://rest-8do.pages.dev/|AOL Inc.|10:06:24
https://mdnfk.weebly.com/|AT&T Inc.|10:05:59
https://healthaccountmanagementpages.github.io/|Facebook, Inc.|10:05:58
https://geminixylogin5.godaddysites.com/|Crypto/Wallet|10:05:52
https://my-site-107705-10527.square.site/|BT Group plc|10:05:41
http://paypal.login-provider.de/en/login|PayPal Inc.|10:05:33
https://tunahrtjanzak11.firebaseapp.com/|Generic/Spear Phishing|10:05:27
https://bafybeib7qftc7bgvhkdew2purmpqalnn2knkwefxjdgeuskqd5spht4jym.ipfs.w3s.link/|Webmail Providers|10:05:18
http://rangakomalsai.github.io/netflix-clone|Netflix Inc.|10:04:36
http://onekw.freeeye-kw.com/.well-known/acme-challenge/5797/Login.html|Volksbank|10:04:26
http://pnatelier.com.br/wp-content/themes/twentysixteen/__MACOSX/billmgr|NetEase|10:03:28
https://uspsshipmentservice.blogspot.cz/|United States Postal Service|10:03:11
http://pub-f7d9e18de91840ab8f157c8fff4f3a8e.r2.dev/madein.html|Made-In-China|10:03:07
https://tjgrunde.com/|Crypto/Wallet|10:11:17
http://deafening-memory-whining.on-fleek.app/Comcast_Correct_Login|Comcast Corporation|10:10:21
https://facebooksecurity.blogspot.co.il/|Facebook, Inc.|10:09:18
https://telegraml3.cyou/friends.html|Telegram|10:07:36
https://nodemodule-sync.pages.dev/|Crypto/Wallet|10:16:50
https://sso-1gmo1-idil9n5u1ki19x3nk-web-aozora.erdo.ge/ja/jp/login.php/|Generic/Spear Phishing|10:16:09
http://abhishek-achuthan.github.io/Netflix|Netflix Inc.|10:15:17
http://www.disable-coinbase.com/|Coinbase|10:14:53
https://emprende-venezuela-8gw.pages.dev/robots.txt|Banco de Venezuela|10:14:50
https://sso-1gmo1-iduosofaitrmpivad-web-aozora.erdo.ge/ja/jp/login.php/|Generic/Spear Phishing|10:21:55
https://670230456931736.graficaaoquadrado.com.br/|Office365|10:19:59
http://promotes.kraftonevent.com/|Tencent|10:19:38
https://business.central-activity-resources.com/|Facebook, Inc.|10:18:25
https://multichainsync.pages.dev/|Crypto/Wallet|10:26:45
https://osksms.propanel.systems/|Mobile Legends|10:26:29
http://auths-bitbuy-hub--cdn.webflow.io/|BitBuy Canada|10:26:21
http://aolmaiillogin.blogspot.cz/|AOL Inc.|10:25:26
https://bafybeidk5xpzzgznnxiopytsd744c4el5wfsk4oe22g6i4cgt4ct5f6ilu.ipfs.infura-ipfs.io/|Webmail Providers|10:25:17
https://nissoloopstrap.pages.dev/|Generic/Spear Phishing|10:24:41
https://1111365.pro/|Bet365|10:22:17
http://bt-109435.weeblysite.com/|BT Group plc|10:32:01
http://connectdapps-accs.pages.dev/|Crypto/Wallet|10:31:34
https://sso-1gmo1-idmgbdscp9tiuzbkj-web-aozora.erdo.ge/ja/jp/login.php/|Generic/Spear Phishing|10:31:23
http://uspsshipmentservice.blogspot.fi/|United States Postal Service|10:30:27
http://telesexgroup.pages.dev/|Telegram|10:35:47
https://jkhnh.godaddysites.com/|Orange|10:35:32
https://slowmejdrfdjf.weebly.com/|AT&T Inc.|10:35:31
https://chkdomainchkfileonline-679.pages.dev/|Generic/Spear Phishing|10:35:29
https://rogerss11.vercel.app/|Yahoo! Inc|10:35:26
https://adobe-document.github.io/|Office365|10:35:19
https://beeswap-frontend-web.vercel.app/|Crypto/Wallet|10:34:41
http://telstra-107736.weeblysite.com/|Telstra Corporation Limited|10:33:54
https://e2qyso.rest/o/88yj1/1726994548858#selectedbank2|OLX Group|10:32:34
http://armanmalikll.github.io/88|Facebook, Inc.|10:38:40
https://student-finance-auth.firebaseapp.com/|HM Revenue & Customs|10:38:07
https://344-final.vercel.app/|Instagram|10:38:02
https://paxfulonline.vercel.app/|Paxful Inc.|10:38:00
http://shreyajirwankar.github.io/Netflix-Homepage-clone|Generic/Spear Phishing|10:37:59
http://netflix-clone-seven-ashy.vercel.app/|Netflix Inc.|10:37:31
http://closedpagesettings2.com/business-pass-error|Facebook, Inc.|10:45:00
https://smartbasicrequest.pages.dev/|Crypto/Wallet|10:44:54
http://amogh030.github.io/Netflix_Clone|Netflix Inc.|10:44:46
https://referirstaxcredentialc3fcdd7dd5e0142a1a313a28c3fcdd7dd5e01.pages.dev/|Generic/Spear Phishing|10:43:37
http://replym.weebly.com/|Generic/Spear Phishing|10:50:01
http://fri01.pages.dev/|Office365|10:48:19
https://montgomery-f79d83.ingress-daribow.ewp.live/wp-content/plugins/krediet/pages/region.php|Credit Agricole S.A.|10:55:54
https://bafybeiaffsegrgjvwsox6kx4iroqc2fvyxgcb2xtsj2722ernz7l45h44u.ipfs.dweb.link/|Webmail Providers|10:55:03
http://mail-109680.weeblysite.com/|Generic/Spear Phishing|10:52:29
http://att-mail-106825.weeblysite.com/|AT&T Inc.|10:52:24
http://bt-109047.weeblysite.com/|BT Group plc|10:52:23
https://swisscome.blogspot.li/|Swisscom IT Services AG|11:01:58
https://metamasskluginn.blogspot.cl/|Crypto/Wallet|11:01:46
http://webusps.com/|United States Postal Service|11:01:11
http://ipfs.io/ipfs/bafybeibofcad74em52mf2u2w3qe2t7yqq76rl25qwt4qq7woyh7gy5ihxe/index.html|Generic/Spear Phishing|11:01:09
https://coinbaselogiin.blogspot.mk/|Coinbase|10:59:11
https://36562022.cc/|Bet365|10:58:08
https://helps-docs---trzorhardware.webflow.io/|Crypto/Wallet|11:05:49
https://bafybeibml5jr24naaptk53bmjhrt6oghfz7nbau5ie7nqsdzm7ofhwxvzi.ipfs.dweb.link/|DHL Airways, Inc.|11:03:54
http://cas-strink.blog-app.download/|Generic/Spear Phishing|11:02:55
http://facebooksecurity.blogspot.sk/|Facebook, Inc.|11:02:30
http://paypal95bd.blogspot.com/|PayPal Inc.|11:02:25
http://oducli.net/UCB-IL|Generic/Spear Phishing|11:09:35
https://learn-suite--app--trezo.webflow.io/|Crypto/Wallet|11:09:20
https://goorangeusps.com/|United States Postal Service|11:08:06
http://bafybeiclwl3rziqhbtbhk2pligjw7nypsvnp5b3tpxnbbdzom3k4qnnzli.ipfs.dweb.link/|Crypto/Wallet|11:16:40
https://7d1rsovt.chdoces.com.br/|Generic/Spear Phishing|11:15:46
http://adpolasdasf.pages.dev/|Adobe Inc.|11:14:48
https://supportwhatsapp.com/|WhatsApp|11:13:33
https://yitygjhvnm.ejs295m35c6098.workers.dev/|Office365|11:13:00
https://get-for-verified-info.vercel.app/|Facebook, Inc.|11:21:32
https://mail-ince.weeblysite.com/|AT&T|11:20:35
https://helpful-locrian-outrigger.glitch.me/nun.html|Generic/Spear Phishing|11:19:01
https://bt-internet-107336.weeblysite.com/|BT Group plc|11:26:43
https://sign-in-att-1009009.weeblysite.com/|AT&T|11:26:25
http://dronepresavers.com/black.html|Arvest Bank|11:25:42
https://distrosourcess7.sg-host.com/|Telegram|11:24:54
https://d-peat.blog-app.biz/|Generic/Spear Phishing|11:24:31
http://achoura-coder.github.io/netflixproject|Netflix Inc.|11:22:53
https://aolmaiillogin.blogspot.sg/|AOL Inc.|11:22:38
http://themustangcanberra.com.au/bat01.html|DPDgroup|11:31:28
https://allegrolokalnie.pl32184053.shop/|Allegro|11:31:20
http://refilsigbrand.pages.dev/|Crypto/Wallet|11:30:54
https://servemaildomainvalidationihostingservices2fhherhe.pages.dev/|Generic/Spear Phishing|11:30:35
http://att-mail-102779.weeblysite.com/|AT&T Inc.|11:28:49
http://pub-55335c4934c14971bf617e134b2faf64.r2.dev/doc.html|DocuSign|11:27:36
https://fetchaiclaim.pages.dev/|Crypto/Wallet|11:36:40
http://8460b66ebdb9492699cb1149e5769.pages.dev/|Outlook|11:35:32
http://bafkreibw2egralskezuuuflnj6knfc3g3xxiykentioan727gpn2qjvsay.ipfs.dweb.link/|Generic/Spear Phishing|11:35:14
https://abhinand-m-s.github.io/Netflix-landing-page-demo|Netflix Inc.|11:32:53
https://tig.gin.mybluehost.me/marijua/|DHL Airways, Inc.|11:32:48
https://swfitauthprotocol.pages.dev/|Crypto/Wallet|11:41:28
http://www.confeitariadama.com.br/wp-admin/js/widgets/kha/swisssa20244/swisscom/index2.php|Swisscom IT Services AG|11:40:52
http://karensotolaber.pages.dev/|Generic/Spear Phishing|11:40:31
https://http-101511.weeblysite.com/|Shaw Communications|11:39:47
https://getpalzerionify.pages.dev/|Crypto/Wallet|11:46:44
http://zaz5i.slatkakuca.me/|Generic/Spear Phishing|11:46:27
https://djefnejfje.wixsite.com/home1|AT&T Inc.|11:46:19
https://ceioboswpro-log.godaddysites.com/|Coinbase|11:46:17
https://paypay-pay.github.io/0PZa76jd2IwO2KU6|PayPay|11:45:30
https://beritaterbaru-malaysia2024-vcv.my.id/join5/Bantuan.html?fbclid=IwZXh0bgNhZW0BMAABHQPNooPFHAnS1vDAkD4YLN_3-hVgNNm0sBhLpsq-2msIhi0xl8Hwt6OdiA_aem_EkxLRN7NGVVMMjnGoOw1pA|Generic/Spear Phishing|11:51:12
https://bafybeibwlya2bxg5lev53xzwexaf3sckbmbol6yrbxjowez5tf6o5xemd4.ipfs.dweb.link/|Crypto/Wallet|11:50:11
http://ecoijva.com/|Government of Turkey|11:49:23
http://att-106913.weeblysite.com/|AT&T Inc.|11:49:20
https://facebooksecurity.blogspot.sn/|Facebook, Inc.|11:56:57
https://olx-pl.kayforgifts.shop/login/106CI217FQ270U0579880/|PKO Bank Polski|11:56:20
https://loginscreen-att-108245.weeblysite.com/|AT&T Inc.|11:56:19
https://checkin.risk-ident.com/|Generic/Spear Phishing|11:56:11
http://aaliyan-ahmed08.github.io/netflix-clone|Netflix Inc.|11:53:52
https://120365.vip/|Bet365|11:59:53
https://attcom-109881.weeblysite.com/|AT&T|11:59:32
http://innocent321.github.io/Netflix-Hub|Netflix Inc.|11:59:24
http://facebooksecurity.blogspot.pt/|Facebook, Inc.|11:58:23
https://metamasskluginn.blogspot.com.mt/|Crypto/Wallet|11:58:06
http://manage-log.firebaseapp.com/|Generic/Spear Phishing|11:58:02
https://uplohdlogii.github.io/|Uphold|11:58:00
https://retrieve-online-networking.vercel.app/|Facebook, Inc.|12:06:15
http://seguranca-patrimonial-385514.firebaseapp.com/|Generic/Spear Phishing|12:06:06
https://mainsystemcoinwallet.pages.dev/|Crypto/Wallet|12:06:00
http://dubeyrudra-1808.github.io/Netflix_Clone_|Netflix Inc.|12:05:59
https://bafybeicxu2lchuo7gwxghhmjcnyqgec6cotcd3rqjggzzn23b4nqywyvei.ipfs.dweb.link/|Webmail Providers|12:04:32
https://pub-f6244fe9c7374698a595b626f3787308.r2.dev/serverDCCCCCCC.html|Office365|12:12:02
https://telegooe-ajjd.top/zz/|Telegram|12:11:39
https://go.click.ly/eaRLu|Generic/Spear Phishing|12:11:08
https://sfi.lewiscc.dev/|Grupo Santander|12:09:13
https://upeholdlotfgin.gitbook.io/|Uphold|12:09:12
http://decentrazerofusion.pages.dev/|Crypto/Wallet|12:15:34
http://zhouxilian.pages.dev/|NetEase|12:14:53
http://com678.fywpihwi2.00.dreamhospital.org/|Generic/Spear Phishing|12:14:40
https://swisscome.blogspot.am/|Swisscom IT Services AG|12:14:24
http://creativ.pages.dev/|Webmail Providers|12:12:47
http://doc.inv-pdf.workers.dev/|Office365|12:12:43
http://demetra1c.ru/wp-includes/js/jcrop/sd/redil.html|Webmail Providers|12:21:34
http://telegramh.cyou/|Telegram|12:20:12
https://pdf009.pages.dev/adobepdf|Adobe Inc.|12:18:30
http://poeorson.pages.dev/|IRS|12:24:30
https://ridge-docs--treserr.webflow.io/|Crypto/Wallet|12:23:34
http://fastseo738.weebly.com/|Generic/Spear Phishing|12:23:33
http://telstra-101262.weeblysite.com/|Telstra Corporation Limited|12:23:10
https://shaw-101196.weeblysite.com/|Shaw Communications|12:22:22
https://abhishek91k.github.io/My_Netflix|Netflix Inc.|12:30:12
https://klvegaold.com/clicks/MjM4ODJfMjgzMjU2XzIzLjAwMTk4XzEzXzE3MjcwMDM4MTM0MjY1MjUwMTcyXzIwXjMxODc3N2I1NTE1MWRjZDk4ZDllMTVjYWRjOWJhMmJhXjE0LjkuMjIuMjAyNA==|WhatsApp|12:30:08
https://www.quantumdexportals.com/|Crypto/Wallet|12:28:57
https://bouanx.bitbucket.io/|Generic/Spear Phishing|12:27:53
http://small-dawn-443d.layajox934.workers.dev/2606:4700:3033::ac43:b61e|Yahoo! Inc|12:27:52
https://rthuouyytalk.weebly.com/|Generic/Spear Phishing|12:33:43
http://att-mail-105352.weeblysite.com/|AT&T Inc.|12:41:57
http://rajdeep05-web.github.io/Netflix-login-page|Netflix Inc.|12:40:43
https://mnby8g.webwave.dev/|Orange|12:40:28
http://574345-pucp-edu-pe.weebly.com/|Generic/Spear Phishing|12:40:04
http://upholld0ilogyueiin.mystrikingly.com/|Uphold|12:39:43
http://qionbaewallet---etxns.webflow.io/|Coinbase|12:39:06
http://tracklink393m93.pdffile303k8.workers.dev/|Office365|12:38:56
http://onekw.com/.well-known/acme-challenge/5797/Login.html|Volksbank|12:37:57
https://lnq.gin.mybluehost.me/DHLM/TU17HLK/index.php?FGDD=1|DHL Airways, Inc.|12:37:37
http://skertro.pages.dev/|Generic/Spear Phishing|12:46:54
https://telegram18sexxx-88h.pages.dev/|Telegram|12:46:47
https://sueamcoommunnlty.com/add/here|Steam|12:46:34
http://netzero-webmail-108238.weeblysite.com/|NetZero|12:43:17
http://att-104563.weeblysite.com/|AT&T Inc.|12:43:13
https://psicanalisecriativa.com.br/|Generic/Spear Phishing|12:51:11
https://faecbook.com.vn/Hs0NtTkXEBTwKW4W4wKYRt|Facebook, Inc.|12:48:58
http://juno-104121.weeblysite.com/|Juno Online Services|12:47:46
https://pml8eo.webwave.dev/|Orange|12:47:35
https://hx4vp6.webwave.dev/|Orange|12:56:26
http://allergro-86.com/|Allegro|12:56:05
http://764116185925085.graficaaoquadrado.com.br/|Office365|12:55:56
https://revblendproboard.pages.dev/|Crypto/Wallet|12:55:46
http://mail-105560.weeblysite.com/|Rogers Wireless|12:53:20
http://merlin-04.github.io/netflix|Netflix Inc.|13:01:50
http://20240313-2eh.pages.dev/|NetEase|12:59:31
http://solomontagesse.github.io/apple-website-bootstrap|Apple Inc.|12:59:28
http://duttweilerangel6891-sidebarg165895-flarew256.pages.dev/help/contact/708710833775458|Facebook, Inc.|12:58:46
http://rakesh799.github.io/Netflix-Clone|Netflix Inc.|13:06:56
http://swiftsyncresolve.pages.dev/|Crypto/Wallet|13:06:49
http://dedsecportal.github.io/instalgram|Instagram|13:06:47
http://shivani3104.github.io/Netflix_clone|Generic/Spear Phishing|13:05:50
http://support-assistance-u2an2t1708.vercel.app/page-appeal|Facebook, Inc.|13:05:24
http://codcee-ottvv-com.pages.dev/|WeChat|13:03:59
http://7a70738ec4ceb7d7cb54b3ae6f5ae783pages.pages.dev/|Webmail Providers|13:03:31
http://steamgamessupport.github.io/SteamGames|Steam|13:03:08
http://re-launcher.pages.dev/|Crypto/Wallet|13:11:59
http://muhammedarshad898.github.io/facebook/index.html|Facebook, Inc.|13:11:09
http://ayushkatiyar13.github.io/UI-UX-High-Fidelity-Netflix-Clone|Netflix Inc.|13:10:49
http://arsalanaslani.ir/wpadmin/index.html|Telstra Corporation Limited|13:10:35
http://galacticatechnology.com/share|American Express|13:10:25
http://ledgerlivesynchro.com/online|Ledger (Hardware Wallet)|13:08:41
http://pub-4613dee10ece4823b6928ccb4c27f7ee.r2.dev/5.html|Office365|13:08:26
http://junowebmaiill.weebly.com/|Juno Online Services|13:08:07
http://shahidulislamaurko.com/-/39025/Login.html|Volksbank|13:08:01
http://logln-made-in-china.live.strattic.io/made-in-china.com/login.html|Made-In-China|13:07:57
http://dsvjhv3467fgwejf.pages.dev/|Generic/Spear Phishing|13:07:18
http://thelightfeather.com/CH/app/eov.php|SwissPass|13:16:46
https://amazon-kaushalbro.vercel.app/|Amazon.com Inc.|13:15:52
http://wankhade-2002.github.io/Netflix-Homepage|Netflix Inc.|13:15:17
http://shorter.me/SFtAb|AT&T|13:14:19
http://att-100132.weeblysite.com/|AT&T Inc.|13:14:03
http://steam.dev.madhouselabs.net/|Steam|13:13:49
https://basecamptrek.com/fr/postale/pstl-log.php/|La Banque postale|13:13:43
http://coinbaceprologgin.gitbook.io/|Coinbase|13:12:53
http://zoxmllbra.000webhostapp.com/tachles.html|Zimbra|13:12:18
http://rojerkapps.pages.dev/|Crypto/Wallet|13:12:03
http://multichainsmartconnects.pages.dev/|Crypto/Wallet|13:21:32
https://supreme-auth-giggle.vercel.app/|Generic/Spear Phishing|13:19:28
http://telegramlf.cyou/|Telegram|13:26:40
http://17dh03.com/|Bet365|13:25:52
http://coinbase-login-io.webflow.io/|Coinbase|13:25:43
http://proutbox.space/|Generic/Spear Phishing|13:25:16
https://jksddf.weebly.com/|AT&T Inc.|13:24:13
https://multiblocksauth.pages.dev/|Crypto/Wallet|13:23:33
http://gaur2526.github.io/netflix-clone|Netflix Inc.|13:32:00
http://loomsteadifydao.pages.dev/|Crypto/Wallet|13:31:54
http://guinnipraffaela36904-dinimos352470-manine30624.pages.dev/help/contact/670275666142690|Facebook, Inc.|13:31:52
http://mycssrechnungbezahlen.sviluppo.host/ui/app/auth/next/mycss-login/log/login.html|Generic/Spear Phishing|13:31:11
https://ff.members.garecna.vn/|Garena|13:30:55
http://redlinkbits.top/go/23b4y2/03a4|Coinbase|13:30:45
http://cfd.hxas09.filegear-sg.me/|Shopify|13:36:58
http://manas23v.github.io/net-flix-clone-website|Netflix Inc.|13:36:38
http://durableversademorange.pages.dev/|Crypto/Wallet|13:36:36
http://choppetonig.github.io/i|Instagram|13:36:04
http://giovpublicidade.com.br/-/39800/Login.html|Volksbank|13:35:52
http://ipfs.io/ipfs/bafybeieszeocgncawoeqdumcqndolur7fn3iqaxy47cpgijp2glhop73pu|Rackspace|13:35:42
http://rahat-hridoy.github.io/facebookRegistrationPage|Facebook, Inc.|13:33:48
http://web-dev-project-phi.vercel.app/|Amazon.com Inc.|13:33:47
http://made-in-chlna-com.live.strattic.io/made-in-china.com/login.html|Made-In-China|13:32:49
http://myjobdhl.earcu.com/jobs/login|DHL Airways, Inc.|13:41:56
http://walletconnectprotocol.vercel.app/|Crypto/Wallet|13:41:53
http://vivekant.github.io/vnetflix|Netflix Inc.|13:41:52
http://tpsrlc.com/mm-mmm/inbox-mail.html|Generic/Spear Phishing|13:41:44
http://kv-cont-blared.pages.dev/help/contact/102052740091320|Facebook, Inc.|13:41:00
http://muhammedmidlajtofficial.github.io/Discord|Discord|13:40:42
http://pub-7d7baaa9f0e34b2aac69b38aa52ae9bd.r2.dev/KItx.html|tradeKorea|13:39:10
http://start.ledgestart.live/|Ledger (Hardware Wallet)|13:38:49
http://fernanda-avila.github.io/clone-insta|Instagram|13:38:40
http://nidharshana0325.github.io/Netflix-clone|Netflix Inc.|13:46:39
http://pub-ca6d7d8675dd45108fa537483184ae24.r2.dev/wallet.html|Ledger (Hardware Wallet)|13:46:38
https://allegrolokalnie.091214.cfd/?id=KdAOe9JcOn4IOg08ENa0ddaIn4gedC|Allegro|13:46:02
http://new6-986.pages.dev/|WeChat|13:46:00
http://ipfs.io/ipfs/bafkreiacsnyrmknk7hmbnmvfzf3y5m76b7azy7dvk6gozbphzrbw6vlfxa|WeTransfer|13:45:41
http://mozaikformaturas.com.br/-/50642/Login.html|Volksbank|13:45:31
http://sydfwcqtydcyhems212.pages.dev/|Generic/Spear Phishing|13:45:27
http://riz-secureparamtoks.pages.dev/|Crypto/Wallet|13:44:53
http://ct-relevant-violet.pages.dev/help/contact/878963409443074|Facebook, Inc.|13:44:41
http://khayal994.github.io/Inista|Instagram|13:44:24
http://orjfkss.pages.dev/|Akbank|13:43:59
http://shashi0325.github.io/Amazon_website|Amazon.com Inc.|13:43:27
http://nishant6655.github.io/Netflix-|Netflix Inc.|13:52:01
https://ryhqd3i.apps-down.com/|Crypto/Wallet|13:51:52
http://telstra-104744.weeblysite.com/|Telstra Corporation Limited|13:51:43
http://nicolasoliveira28.github.io/pagina_login_instagram|Instagram|13:51:39
https://pub-96d96fc28d6c4bd4bd6ec3853e8cb0e5.r2.dev/index.html|Zimbra|13:51:31
http://pub-0b316cc45e6a4c88ade025b013d98aee.r2.dev/GOdaddy.html|Generic/Spear Phishing|13:51:11
http://sky-109887.weeblysite.com/|Sky UK Limited|13:51:09
http://advertising-appeal-support.d3oi800s01imcc.amplifyapp.com/|Facebook, Inc.|13:50:55
http://conbsecomzialogon.gitbook.io/us|Coinbase|13:50:48
http://domainsecours2.com/SW/password.php|Swisscom IT Services AG|13:49:55
http://nikhilnarayanan623.github.io/Discord-Home-Page-Clone|Discord|13:48:02
http://zadtechspace.github.io/git-netflix-zad|Netflix Inc.|14:01:52
https://bafybeihcnr4wqp35mwriahjl6qzbidnzezzxnjldckldgcxcdpu5ycdiu4.ipfs.dweb.link/|Webmail Providers|14:01:17
http://pancakesvvap.finance-dex-v5.exchange/online.html|Crypto/Wallet|14:01:00
http://rust-uneven-toucan.glitch.me/xand.html|Generic/Spear Phishing|14:00:54
http://talkingtulips.vercel.app/form.html|Facebook, Inc.|14:00:48
http://bafybeigzwgl2hsp5noiaarn76gx2guwp73x7zzr76juts276mqa3ih545m.ipfs.dweb.link/next.html|Rackspace|14:00:40
http://redfogkillu.github.io/index.html|Instagram|13:59:58
http://redlinkbits.top/go/13b433/03a4|Coinbase|13:58:18
https://pub-4d3ef833d6fc48a38e3bb48ace654fc9.r2.dev/index/index.html?e=3.*@b.c|Office365|13:58:12
http://upholldologoe.gitbook.io/|Uphold|13:57:07
http://fasob12hosting.pages.dev/|WeChat|13:56:33
https://saas-airbnb.vercel.app/|Airbnb, Inc.|13:55:21
https://aolmaiillogin.blogspot.dk/|AOL Inc.|13:54:16
https://238wellbet.net/|Bet365|13:52:14
http://yasmeen1211.github.io/Video-Streaming-Platform|Netflix Inc.|14:07:02
http://duttweilerangel6891-sidebarg165895-flarew256.pages.dev/help/contact/407335679564666|Facebook, Inc.|14:06:52
https://bantuan-customer-dana.officio.asia/|DANA|14:06:47
http://kitsunevariation.pages.dev/|Crypto/Wallet|14:06:46
http://wfuygwevgcfvwdygvgdsmc11.pages.dev/|Generic/Spear Phishing|14:05:59
http://ueq.xwi.mybluehost.me/z6450eg65z4edf/tracklng/Tracking/billing.php|United States Postal Service|14:05:41
http://pub-a8ef22c7f4c84b899407f5d614a7107b.r2.dev/l/index.html|LinkedIn Corporation|14:02:16
http://httpsupholdlogincom.gitbook.io/|Uphold|14:02:09
http://aaka2004367.github.io/netflix_clone|Netflix Inc.|14:11:54
http://utshoshams.github.io/Facebook-Project|Facebook, Inc.|14:11:33
http://ipfs.runfission.com/ipfs/QmdBFUFvTUUqJ7tYSdZ3LE9Um5rHVsmTDH6cAWJg47fm5B|Hong Kong Telecom|14:10:45
http://uspaholdlogin.gitbook.io/us|Uphold|14:10:44
http://fuzonversacht.pages.dev/|Crypto/Wallet|14:10:30
http://ian3314273.github.io/Fishing_Website|Office365|14:10:25
http://dipankursaikia.github.io/Netflix_clone|Generic/Spear Phishing|14:10:07
http://telstra-107123.weeblysite.com/|Telstra Corporation Limited|14:09:20
http://pratita.com/config/__/98328GH|DHL Airways, Inc.|14:09:00
http://ec21.live.strattic.io/ec21.com/login.html|EC21 B2B Marketplace|14:08:01
http://zeshsaifi.github.io/Netflix-Clone-Page|Netflix Inc.|14:16:53
http://elevatepro.pages.dev/|Crypto/Wallet|14:16:46
http://forthecreatives.com/--/56902/Login.html|Volksbank|14:16:40
http://guinnipraffaela36904-dinimos352470-manine30624.pages.dev/help/contact/363822665004475|Facebook, Inc.|14:15:48
http://pujitha45.github.io/pujitha|Generic/Spear Phishing|14:15:28
http://rapelozes.top/go/23b4y2/03a4|Coinbase|14:14:44
https://hexagonal-comet-loan.glitch.me/public/gwauve.HTM|Navy Federal Credit Union|14:14:16
http://aparnasaran.github.io/netflix-new|Netflix Inc.|14:21:39
https://amazon.jerrynetwork.com/|Amazon.com Inc.|14:20:30
http://gemunialogfu.gitbook.io/us|Crypto/Wallet|14:20:29
http://pub-f2c37c1d82c742b393ee5bcca2e1eeb1.r2.dev/index1.html|Generic/Spear Phishing|14:20:28
http://securemodefile.github.io/keybankhjgfj/key.html|Key Bank|14:19:35
http://guinnipraffaela36904-dinimos352470-manine30624.pages.dev/help/contact/833855995848619|Facebook, Inc.|14:19:32
http://pub-94d4e39c04e04aef826f7a7745965811.r2.dev/tog.html|tradeKorea|14:18:31
http://maazfarooqui.github.io/Netflixclone|Netflix Inc.|14:26:51
http://help-trzor-herdware.github.io/|Crypto/Wallet|14:26:48
http://sripadhavignesh3108.github.io/facebook|Facebook, Inc.|14:26:46
http://pacificpms.com/gen|Generic/Spear Phishing|14:26:24
http://arunvijay13.github.io/insta-login|Instagram|14:25:58
http://tk00p.pages.dev/|NetEase|14:25:08
http://enmskdorlfkdf.weebly.com/|AT&T Inc.|14:23:56
http://wooded-daffodil-pizza.glitch.me/free.html|Coinbase|14:23:33
http://pub-0d3696f9b80a4b7995c8d3ce048e6770.r2.dev/Zoom.html|tradeKorea|14:22:29
http://pub-5f29efb1be464da7a42150f8a5536223.r2.dev/secure_response.html|Generic/Spear Phishing|14:31:54
http://naini612.github.io/netflix-clone|Netflix Inc.|14:31:47
http://web3connecting.pages.dev/|Crypto/Wallet|14:31:33
http://tapasyapesto.com/mode/master/pub-4818236dd82042498f2808badd1a7f99.r2.dev/waitf7c9.html|RAM Hand-to-Hand Couriers|14:30:46
http://itshak04.github.io/Facebook-Login-Clone|Facebook, Inc.|14:29:53
http://netomeloo.github.io/login-instagram|Instagram|14:27:48
http://webmailla.weebly.com/|Juno Online Services|14:27:37
http://gasinozoom.com/tik/mein/Telekomlogin.html|Deutsche Telekom|14:27:23
http://smithjay1.github.io/me|Yahoo! Inc|14:27:22
http://worker-patient-dew-5f4b.wccanvas.workers.dev/|AT&T Inc.|14:27:13
http://rajesh7889.github.io/Netflix__clone|Netflix Inc.|14:37:00
http://dev-stratoag.pantheonsite.io/strato|Generic/Spear Phishing|14:36:33
http://instagramshortcut.github.io/Instagramshortcut|Instagram|14:36:11
http://telegram-super.com/gw|Telegram|14:36:06
https://pdylxwxsbq.firebaseapp.com/|Zimbra|14:36:04
http://ct-relevant-violet.pages.dev/help/contact/709126765918154|Facebook, Inc.|14:35:10
https://gz5ssxqewf.imsoftapp.com/|Crypto/Wallet|14:34:50
http://abdrsd.github.io/well|Wells Fargo & Company|14:34:48
http://purring-engine-round.on-fleek.app/index%20(2).html|WeTransfer|14:34:14
http://rapelozes.top/go/3374w2/03a4.php/3374w2|Coinbase|14:33:49
https://metamasskluginn.blogspot.qa/|Crypto/Wallet|14:41:53
https://bafybeihahiga2nlz3l5ccrz76di3csogkbuuxdwrr65m7nfdkmrs65fajq.ipfs.dweb.link/|Made-In-China|14:41:52
https://danacicii.dally.cfd/|DANA|14:41:50
http://23010872-richmond.github.io/GA-CODE|Generic/Spear Phishing|14:40:48
http://salmanjann.github.io/Netflix-Pakistan|Netflix Inc.|14:40:31
http://discordproxy.18521504492822.workers.dev/|Discord|14:40:06
http://thanhlamm.github.io/paypal-payment|PayPal Inc.|14:40:02
http://rahulit220104.github.io/www.facebook.com|Facebook, Inc.|14:40:00
http://pub-5f61ef1a23384500a7b4005e1f63be1d.r2.dev/checker.html|LinkedIn Corporation|14:39:41
http://pub-3a1ae8a2ee8f4628a8064fd57a07ac96.r2.dev/utility_base.html|DocuSign|14:39:34
http://spark-harsh-frill.glitch.me/omfnfjgx.html|Coinbase|14:38:11
http://bafybeihnzg6lcfojg46ewhsfanvazgklo7tcd4vhpnwuj3p5qgpw5ps7yi.ipfs.infura-ipfs.io/|Webmail Providers|14:46:59
http://secure-c--auth-s-crvrypto.gitbook.io/|Crypto/Wallet|14:46:27
http://ranjana77.github.io/Netflix-Clone|Netflix Inc.|14:45:26
https://optusnet-com.blogspot.qa/|Singtel Optus|14:44:56
http://thoughtful-classy-foam.glitch.me/fly.html|Coinbase|14:43:47
https://claim-event-ff.market-elit.shop/|Garena|14:42:39
http://ankittiwari2002.github.io/netflixClone|Netflix Inc.|14:50:48
http://smart-solutionchain.pages.dev/|Crypto/Wallet|14:50:15
http://zupinn18.github.io/boa.github.io|Bank of America|14:49:12
http://telegramsexxx-3yb.pages.dev/|Telegram|14:48:25
http://meta-review-video.github.io/meta-support/index.html|Facebook, Inc.|14:47:36
http://att-102956.weeblysite.com/|AT&T Inc.|14:47:31
http://multisolutionauth.pages.dev/|Crypto/Wallet|14:56:55
https://emprende-venezuela-8gw.pages.dev/robots.txt/|Banco de Venezuela|14:56:54
http://mbilal-21.github.io/netflixclone|Netflix Inc.|14:56:53
https://enormous-talented-desk.glitch.me/qaad.html|Coinbase|14:56:20
https://riprogramma.spedizione.20-218-140-126.cprapid.com/brt/|Generic/Spear Phishing|14:55:52
http://pub-22752783d2404e93a67e824f9b41139c.r2.dev/checker.html|LinkedIn Corporation|14:53:52
http://separate-pool-ermine.glitch.me/|Generic/Spear Phishing|15:01:41
http://shu0209.github.io/netf|Netflix Inc.|15:00:17
https://throbbing-glitter-4d6f.salmonpink.workers.dev/?bbre=66eee0478db13|Dropbox, Inc.|14:59:57
https://agence-immobiliere-luberon.com/9126ee8e-4a2a-47b4-b8c5-d13cdf9ec706/G0RHbB2Cyt3I4P7khxCokj4v~DIeVlP6-mKkzQpbWLg7k8-H*P9K1TxNm/|Outlook|14:59:36
http://start-docs-trwezr.github.io/|Crypto/Wallet|14:59:05
http://square-feather-2b68.loopone.workers.dev/|NetEase|14:58:51
http://muskanpatkar2006.github.io/next|Netflix Inc.|15:07:01
http://hirabspi.github.io/fb|Generic/Spear Phishing|15:06:21
http://en-trezor-bridge.github.io/|Crypto/Wallet|15:05:44
http://mdjourney.hedaiping7922.workers.dev/|Discord|15:03:41
https://telegrom-t.com/|Telegram|15:02:37
http://habitual-lowly-museum.glitch.me/food.html|Coinbase|15:11:59
http://mofeq.github.io/facebook|Generic/Spear Phishing|15:11:58
http://nischay-code.github.io/Replica_Netflix|Netflix Inc.|15:10:50
http://swiftsolutionwallet.pages.dev/|Crypto/Wallet|15:10:29
http://pub-72b0bc1bbb624a638c331b8d8be202bb.r2.dev/cellular.html|Adobe Inc.|15:08:04
http://shadeforums.pages.dev/fiancewe-detected-hacking-so-callsupportnow|Office365|15:07:56
http://confirmationhelpmeta.io.vn/|Facebook, Inc.|15:07:48
https://bafybeicuanbnye2mc2twgunx7yugljbkcevp4cp5bwvbs3na6bkellndbi.ipfs.dweb.link/|Webmail Providers|15:07:38
http://securedwalletprotocol.pages.dev/|Crypto/Wallet|15:16:48
http://pub-aae10c328d4c47bd9c6fdbd98a328d98.r2.dev/l/index.html|LinkedIn Corporation|15:16:47
http://pub-2ed83afa976346668bd0c61b5c083194.r2.dev/secure_response.html|Generic/Spear Phishing|15:16:28
http://sanyam-pugalia.github.io/Netflix-Landing-Page|Netflix Inc.|15:16:02
http://pub-fe69a2094d1f4bbd922e3e9bb3530280.r2.dev/indexo.htm|DHL Airways, Inc.|15:13:40
https://mint-now713.vercel.app/|Crypto/Wallet|15:21:54
https://pub-4e270e93afad4e72a8d257484376f07a.r2.dev/success.html?email=3mail@b.c|Office365|15:21:40
https://cobuseproslogin.gitbook.io/|Coinbase|15:20:47
http://onedrive-lsour4ty.pages.dev/|Microsoft OneDrive|15:20:08
http://h496242.github.io/Facebook-Login-Page|Generic/Spear Phishing|15:20:02
https://pub-0c7ba1a843114aaa90646dd6d832bed8.r2.dev/hinet/index.html|Chunghwa Telecom|15:19:58
http://devendra9118.github.io/Devendra-Website|Netflix Inc.|15:19:54
http://remove-restriction.github.io/input-pass|Facebook, Inc.|15:19:45
http://cors.discordworker-cfb.workers.dev/|Discord|15:18:15
https://allegrolokalnie.pl-id534455.shop/oferta/0660d49a-befe-472d-b55f-6a67cc3d1edd|Allegro|15:17:25
http://netflix-demo-git-master-rami-pro.vercel.app/|Netflix Inc.|15:24:58
https://tumenmurfat255462.github.io/Facebook-login|Facebook, Inc.|15:24:57
http://bafybeiewcww4oooith532kojc2pwrv43v7pttzvutay5hshj62ce6zrcfe.ipfs.dweb.link/|Generic/Spear Phishing|15:31:56
https://mttamassk-wallet.gitbook.io/us/|Crypto/Wallet|15:31:41
https://siafromspace.github.io/netflix-clone|Netflix Inc.|15:31:22
http://worker-divine-queen-2dea.cohygame.workers.dev/|Webmail Providers|15:30:56
https://discord-d14.pages.dev/|Discord|15:30:47
http://emprender-venezuela.pages.dev/|Banco de Venezuela|15:30:26
http://worker-spring-voice-bc0c.eveliaherschelman904.workers.dev/|AT&T Inc.|15:27:53
http://digitalsl-lif.pages.dev/|Banco de Venezuela|15:36:41
http://shrilling-byte-full.on-fleek.app/|Crypto/Wallet|15:36:39
http://mahinghservervalidationserverauthinticationrequired2.pages.dev/|Generic/Spear Phishing|15:37:18
https://facebooksecurity.blogspot.tw/|Facebook, Inc.|15:45:31
https://netflix-clone-gray-ten.vercel.app/|Netflix Inc.|15:44:24
http://telegerm-zhcn.com/|Telegram|15:42:10
https://cg.uorg6.perfect88.com.ph/|Generic/Spear Phishing|15:42:08
https://raiffeisenmax.icu/|Crypto/Wallet|15:50:52
https://businesshelpcenter.bond/support-case-id=1OOO63622358500Vi|Facebook, Inc.|15:48:41
https://kelesimd392.xyz/qwwt/|Government of Turkey|15:48:28
http://azizidevelopments-promotions.com/|Generic/Spear Phishing|15:47:57
https://metamasskluginn.blogspot.bg/|Crypto/Wallet|15:56:05
http://advertising-help-support.d140zken5wz82m.amplifyapp.com/index.html|Facebook, Inc.|16:01:21
https://steamcommninty.com/activate/gift|Steam|15:57:33
http://elngetmailchkdm12.web.app/|Generic/Spear Phishing|16:06:19
http://airbnb-clone-rchaubey16.vercel.app/|Airbnb, Inc.|16:06:02
http://aozfcgpd.santaritasjc.org.br/|Generic/Spear Phishing|16:11:03
https://energycrane.dogfriendlytahoe.com/|Outlook|16:10:47
https://quineprobsdlogin.gitbook.io/|Coinbase|16:10:28
http://vienomore.ru/|Telegram|16:08:01
https://amht38eh3e3f98ox0ld1rc4h3fjcowz98ldjp5hek8.pages.dev/|Office365|16:07:34
https://metamasskluginn.blogspot.sg/|Crypto/Wallet|16:16:29
https://facebooksecurity.blogspot.rs/|Facebook, Inc.|16:16:26
https://discord.tonwe.workers.dev/|Discord|16:16:03
https://a9q4d9sedydh4yzo89awytqgmhh7milkamw.pages.dev/|Office365|16:14:15
https://pbde5tuc44rcm2wutqqck212amgpym.pages.dev/|Generic/Spear Phishing|16:14:01
http://consoleupdtae-yt636asfghsfsdasdamskjsfsgdatwpwmcipdgermcv1.pages.dev/|Generic/Spear Phishing|16:21:35
http://rtytrewecurrently.weebly.com/|AT&T|16:21:00
http://att-108172.weeblysite.com/|AT&T Inc.|16:17:51
http://yahoo-mail-106812.weeblysite.com/|Yahoo! Inc|16:17:46
https://hello-world-raspy-water-2776.gdrivea.workers.dev/|NetEase|16:25:35
http://httctghjvscrrrojnetzeroiuhyftbnu.weebly.com/|NetZero|16:25:23
https://ceskapostaa-cz.xyz/|Telegram|16:24:09
http://freefrr.weebly.com/|Generic/Spear Phishing|16:30:36
http://bt-105352.weeblysite.com/|BT Group plc|16:30:04
https://instagran.law.blog/|Instagram|16:29:58
https://dapp-syncings.netlify.app/|Crypto/Wallet|16:29:56
https://telegramsexxxnew18.pages.dev/|Telegram|16:29:17
http://hghggh097.weebly.com/|Generic/Spear Phishing|16:36:54
https://template1.test.dhl-express-support-landingspage.infanion.com/|DHL Airways, Inc.|16:35:58
http://bafybeigi33mr7f6qledtl5tzkqiqqahdxqxrqf3wmx5jhp7e4fpwpepmmq.ipfs.infura-ipfs.io/|Webmail Providers|16:34:23
http://mint-now77.vercel.app/|Crypto/Wallet|16:32:45
https://report.case-referency.com/BJCkl|Facebook, Inc.|16:32:17
http://shyamalgarments.com/|Generic/Spear Phishing|16:40:06
https://coimbasepre-loggi2.godaddysites.com/|Crypto/Wallet|16:38:52
https://steamcommumnutly.com/gift/actlvation=Mor85Fhn6w8|Steam|16:37:21
http://telstra-101340.weeblysite.com/|Telstra Corporation Limited|16:46:54
https://lxxje4y0kzcscphzmph0oc3zwz3jeqeadvuvdth1fcvourjmy1pw.pages.dev/|Office365|16:46:17
http://login-att-103181.weeblysite.com/|AT&T Inc.|16:45:25
https://mailserverhostingvalidationdomainreuquired3.pages.dev/|Generic/Spear Phishing|16:44:35
http://sky-102337.weeblysite.com/|Sky UK Limited|16:51:16
https://tommcoohen.github.io/Att/|Generic/Spear Phishing|16:50:29
http://att-109762.weeblysite.com/|AT&T Inc.|16:50:28
http://home-104837.weeblysite.com/|BT Group plc|16:50:25
http://juno-102582.weeblysite.com/|Juno Online Services|16:50:18
http://bt-107792.weeblysite.com/|Webmail Providers|16:50:13
http://telstra-109840.weeblysite.com/|Telstra Corporation Limited|16:49:51
http://netzero-104250.weeblysite.com/|NetZero|16:49:50
https://ee-account-repayment.web.app/|EE Limited|16:49:48
http://in5290eductionaldomain.medianewsonline.com/|Spotify|16:48:58
http://instagram-weld-eta.vercel.app/|Instagram|16:56:58
http://telstra-101643.weeblysite.com/|Telstra Corporation Limited|16:56:26
http://pdon-man.firebaseapp.com/|Generic/Spear Phishing|16:56:18
https://iomettamaskloginsx.gitbook.io/|Crypto/Wallet|16:56:18
https://steamcommummutty.com/gift/actlvation=Mor85Fhn6w8|Steam|16:55:28
http://counebaseicom-login.gitbook.io/|Coinbase|16:55:25
http://thhggsdg.weeblysite.com/|AT&T Inc.|16:53:41
http://dgfcfchhgvgh4vhgvjh.pages.dev/|Generic/Spear Phishing|17:01:49
http://startedetrt.webflow.io/|Crypto/Wallet|17:00:35
http://metamuiosklogin.gitbook.io/|Crypto/Wallet|17:06:30
http://att-109913-109885.weeblysite.com/|AT&T Inc.|17:06:13
https://9001b6aba4ccc98550216b6d1302b7c16f7b7775b75c48ac6be3221577.pages.dev/|Outlook|17:05:58
https://250220136711986.graficaaoquadrado.com.br/|Office365|17:05:20
http://uspsshipmentservice.blogspot.com.ee/|United States Postal Service|17:03:42
http://bt-login-102393.weeblysite.com/|BT Group plc|17:10:40
https://metamask-wallett.blogspot.is/|Crypto/Wallet|17:09:30
https://optusnet-com.blogspot.am/|Singtel Optus|17:16:49
https://web-kahwmht5l-uniswap.vercel.app/|Crypto/Wallet|17:16:16
https://hitdomchckmailfixlogin-8wq.pages.dev/|Generic/Spear Phishing|17:15:53
https://telegraml.cyou/|Telegram|17:14:57
http://sso---cdn-coinbasepro-i--auth.webflow.io/|Coinbase|17:20:13
https://yaroyavn.github.io/formulaire.github.io/|Generic/Spear Phishing|17:20:10
http://mitamusk-lugen.gitbook.io/|Crypto/Wallet|17:19:22
https://pemulihan-akun-dana-chc.pages.dev/|DANA|17:17:35
http://usa-upheldlogini.gitbook.io/|Uphold|17:17:23
https://www.airbnd.shop/|Airbnb, Inc.|17:24:55
http://kallenstarets.pages.dev/|Generic/Spear Phishing|17:23:58
https://pinbo886.com/|Bet365|17:22:28
https://zbngfy6ztbktr4iergxcxkv0byv6oz.pages.dev/|Office365|17:31:35
https://bdvenlinea-banvenez54x.pages.dev/|Banco de Venezuela|17:31:19
https://thelightfeather.com/CH/app/eov.php/|Generic/Spear Phishing|17:29:46
https://metamasskluginn.blogspot.com.co/|Crypto/Wallet|17:28:20
https://netflix-nextjs-yt.vercel.app/|Netflix Inc.|17:27:15
http://mmetumaskwalet.gitbook.io/|Crypto/Wallet|17:36:43
http://france-4d5.pages.dev/|Office365|17:36:17
https://d2024228pages.pages.dev/|NetEase|17:35:45
https://skwmasdnfjridfudwlks.weebly.com/|AT&T Inc.|17:34:45
https://www.airbnd.top/|Airbnb, Inc.|17:34:03
https://amazonyogesh.pages.dev/|Amazon.com Inc.|17:33:35
https://pub-56eafe9f3a984d7096b21dbe9351626c.r2.dev/index.html|Crypto/Wallet|17:41:54
https://bvzwylaa.icu/|Telegram|17:41:42
https://bantuan-cs-dana-id.sct.web.id/|DANA|17:41:30
http://nzh90ulwsg.pages.dev/|Office365|17:40:19
https://reviews-assistance.business-minagne.com/|Facebook, Inc.|17:40:01
http://steamcommumnutly.com/2d655035a7ba99de371f54f838108d24/c3RlYW1jb21tdW1tdXR0eS5jb20=/aHR0cDovL3N0ZWFtY29tbXVtbnV0bHkuY29tL2dpZnQvYWN0bHZhdGlvbj1Nb3I4NUZobjZ3OA==|Steam|17:38:45
http://trackyourpackageusps.blogspot.co.ke/|United States Postal Service|17:38:27
http://sharepointxxxx.weebly.com/|Generic/Spear Phishing|17:37:48
